Especie,Categoria de Dieta,Dentro de agua,Sobre el agua,Piso,Sotobosque,Medio,Dosel,Aéreo,Masa Promedio
Tinamus major,Omnívoro,0,0,100,0,0,0,0,1060.12
Tinamus guttatus,Frutas/Néctar,0,0,100,0,0,0,0,663.83
Crypturellus cinereus,Frutas/Néctar,0,0,100,0,0,0,0,495.82
Crypturellus soui,Omnívoro,0,0,100,0,0,0,0,210.16
Crypturellus undulatus,Frutas/Néctar,0,0,100,0,0,0,0,462.71
Crypturellus variegatus,Frutas/Néctar,0,0,100,0,0,0,0,335.50
Anhima cornuta,Plantas/Semillas,0,40,60,0,0,0,0,3508.33
Dendrocygna viduata,Plantas/Semillas,80,20,0,0,0,0,0,693.33
Dendrocygna autumnalis,Plantas/Semillas,0,50,50,0,0,0,0,718.40
Cairina moschata,Omnívoro,0,50,50,0,0,0,0,1947.89
Amazonetta brasiliensis,Omnívoro,0,20,80,0,0,0,0,476.16
Spatula discors,Plantas/Semillas,0,100,0,0,0,0,0,375.63
Penelope jacquacu,Frutas/Néctar,0,0,0,0,60,40,0,1327.29
Ortalis guttata,Frutas/Néctar,0,0,0,0,50,50,0,459.69
Crax alector,Frutas/Néctar,0,0,80,20,0,0,0,3183.00
Colinus cristatus,Plantas/Semillas,0,0,100,0,0,0,0,137.74
Odontophorus gujanensis,Omnívoro,0,0,100,0,0,0,0,325.36
Podilymbus podiceps,Invertebrados,100,0,0,0,0,0,0,376.47
Columba livia,Plantas/Semillas,0,0,80,20,0,0,0,330.60
Patagioenas speciosa,Frutas/Néctar,0,0,30,20,30,20,0,254.64
Patagioenas cayennensis,Frutas/Néctar,0,0,20,0,40,40,0,232.82
Patagioenas plumbea,Omnívoro,0,0,0,0,30,70,0,176.34
Patagioenas subvinacea,Frutas/Néctar,0,0,0,0,50,50,0,151.70
Leptotila verreauxi,Plantas/Semillas,0,0,100,0,0,0,0,139.44
Leptotila rufaxilla,Plantas/Semillas,0,0,100,0,0,0,0,149.50
Zenaida auriculata,Plantas/Semillas,0,0,20,20,40,20,0,119.02
Claravis pretiosa,Plantas/Semillas,0,0,100,0,0,0,0,66.07
Columbina minuta,Plantas/Semillas,0,0,100,0,0,0,0,32.96
Columbina talpacoti,Plantas/Semillas,0,0,100,0,0,0,0,45.50
Columbina squammata,Plantas/Semillas,0,0,100,0,0,0,0,50.82
Crotophaga major,Omnívoro,0,0,30,20,20,30,0,148.18
Crotophaga ani,Omnívoro,0,0,40,30,30,0,0,103.00
Tapera naevia,Invertebrados,0,0,50,30,20,0,0,47.70
Dromococcyx phasianellus,Invertebrados,0,0,50,30,20,0,0,84.50
Coccycua minuta,Invertebrados,0,0,0,50,50,0,0,38.01
Piaya cayana,Invertebrados,0,0,0,0,20,80,0,103.54
Coccyzus melacoryphus,Invertebrados,0,0,50,30,20,0,0,44.86
Coccyzus americanus,Invertebrados,0,0,0,0,40,60,0,55.76
Nyctibius grandis,Invertebrados,0,0,0,10,60,10,20,504.00
Nyctibius griseus,Invertebrados,0,0,0,0,90,0,10,188.35
Chordeiles nacunda,Invertebrados,0,0,0,10,10,10,70,152.13
Chordeiles rupestris,Invertebrados,0,0,0,50,40,0,10,58.00
Chordeiles minor,Invertebrados,0,0,0,10,0,0,90,68.65
Lurocalis semitorquatus,Invertebrados,0,0,0,0,70,10,20,75.90
Nyctiprogne leucopyga,Invertebrados,0,10,30,10,40,0,10,24.73
Nyctipolus nigrescens,Invertebrados,0,0,0,20,20,0,60,35.05
Nyctidromus albicollis,Invertebrados,0,0,40,30,20,0,10,52.77
Hydropsalis cayennensis,Invertebrados,0,0,0,50,40,0,10,36.18
Hydropsalis maculicaudus,Invertebrados,0,0,0,40,40,0,20,30.14
Antrostomus rufus,Invertebrados,0,0,0,20,80,0,0,93.10
Streptoprocne zonaris,Invertebrados,0,0,0,0,0,0,100,91.16
Chaetura cinereiventris,Invertebrados,0,0,0,0,0,20,80,13.90
Chaetura brachyura,Invertebrados,0,0,0,0,10,0,90,22.15
Tachornis squamata,Invertebrados,0,0,0,10,40,20,30,10.64
Panyptila cayennensis,Invertebrados,0,0,0,0,10,0,90,21.10
Florisuga mellivora,Frutas/Néctar,0,0,0,10,40,30,20,7.31
Glaucis hirsutus,Frutas/Néctar,0,0,0,100,0,0,0,6.64
Phaethornis atrimentalis,Frutas/Néctar,0,0,0,100,0,0,0,2.68
Phaethornis ruber,Frutas/Néctar,0,0,0,100,0,0,0,2.35
Phaethornis augusti,Frutas/Néctar,0,0,0,90,10,0,0,4.50
Phaethornis hispidus,Frutas/Néctar,0,0,0,100,0,0,0,4.90
Phaethornis bourcieri,Frutas/Néctar,0,0,0,100,0,0,0,4.29
Phaethornis malaris,Frutas/Néctar,0,0,0,100,0,0,0,5.67
Polytmus guainumbi,Frutas/Néctar,0,0,0,100,0,0,0,4.81
Polytmus theresiae,Frutas/Néctar,0,0,0,30,70,0,0,3.76
Anthracothorax nigricollis,Frutas/Néctar,0,0,0,10,30,40,20,7.06
Lophornis chalybeus,Frutas/Néctar,0,0,0,30,60,10,0,3.00
Heliomaster longirostris,Frutas/Néctar,0,0,0,0,30,60,10,6.75
Calliphlox amethystina,Frutas/Néctar,0,0,0,50,40,0,10,2.80
Chlorostilbon mellisugus,Frutas/Néctar,0,0,0,40,50,10,0,2.53
Campylopterus largipennis,Frutas/Néctar,0,0,0,40,60,0,0,6.03
Thalurania furcata,Frutas/Néctar,0,0,10,30,30,30,0,4.23
Chrysuronia versicolor,Frutas/Néctar,0,0,0,30,40,30,0,3.68
Chrysuronia oenone,Frutas/Néctar,0,0,0,50,50,0,0,4.78
Chionomesa fimbriata,Frutas/Néctar,0,0,0,80,20,0,0,4.77
Hylocharis sapphirina,Frutas/Néctar,0,0,0,70,30,0,0,4.70
Chlorestes cyanus,Frutas/Néctar,0,0,10,30,30,30,0,3.38
Chlorestes notata,Frutas/Néctar,0,0,0,70,30,0,0,3.80
Opisthocomus hoazin,Plantas/Semillas,0,0,0,20,80,0,0,726.12
Aramus guarauna,Omnívoro,0,50,50,0,0,0,0,947.40
Porphyrio martinica,Plantas/Semillas,0,20,30,30,20,0,0,219.48
Anurolimnas viridis,Invertebrados,0,0,100,0,0,0,0,65.67
Aramides cajaneus,Omnívoro,0,50,50,0,0,0,0,406.89
Heliornis fulica,Omnívoro,0,70,30,0,0,0,0,121.38
Vanellus cayanus,Invertebrados,0,0,100,0,0,0,0,69.38
Vanellus chilensis,Invertebrados,0,20,80,0,0,0,0,295.14
Charadrius collaris,Invertebrados,0,40,60,0,0,0,0,25.65
Himantopus mexicanus,Invertebrados,0,100,0,0,0,0,0,165.91
Burhinus bistriatus,Carnívoro/Carroñero,0,0,100,0,0,0,0,744.70
Calidris minutilla,Invertebrados,0,20,80,0,0,0,0,21.57
Calidris melanotos,Invertebrados,0,20,80,0,0,0,0,60.47
Gallinago paraguaiae,Invertebrados,0,20,80,0,0,0,0,109.44
Actitis macularius,Invertebrados,0,20,80,0,0,0,0,37.42
Tringa solitaria,Invertebrados,0,50,50,0,0,0,0,215.20
Tringa melanoleuca,Invertebrados,0,80,20,0,0,0,0,171.77
Tringa flavipes,Invertebrados,0,50,50,0,0,0,0,64.25
Jacana jacana,Invertebrados,0,50,50,0,0,0,0,106.31
Rynchops niger,Carnívoro/Carroñero,0,100,0,0,0,0,0,328.87
Sternula superciliaris,Carnívoro/Carroñero,100,0,0,0,0,0,0,46.40
Phaetusa simplex,Carnívoro/Carroñero,50,30,10,10,0,0,0,236.88
Eurypyga helias,Carnívoro/Carroñero,0,50,50,0,0,0,0,203.50
Mycteria americana,Carnívoro/Carroñero,0,50,50,0,0,0,0,2554.47
Anhinga anhinga,Carnívoro/Carroñero,100,0,0,0,0,0,0,1119.80
Phalacrocorax brasilianus,Carnívoro/Carroñero,100,0,0,0,0,0,0,1321.23
Pelecanus occidentalis,Carnívoro/Carroñero,100,0,0,0,0,0,0,2463.92
Tigrisoma lineatum,Invertebrados,0,80,20,0,0,0,0,812.66
Agamia agami,Carnívoro/Carroñero,0,50,50,0,0,0,0,603.25
Cochlearius cochlearius,Invertebrados,0,40,60,0,0,0,0,582.01
Botaurus pinnatus,Carnívoro/Carroñero,0,50,50,0,0,0,0,812.16
Nycticorax nycticorax,Carnívoro/Carroñero,0,50,50,0,0,0,0,810.00
Butorides striata,Carnívoro/Carroñero,0,80,20,0,0,0,0,189.73
Bubulcus ibis,Invertebrados,0,30,70,0,0,0,0,335.48
Ardea cocoi,Carnívoro/Carroñero,0,100,0,0,0,0,0,1725.60
Ardea alba,Carnívoro/Carroñero,0,50,50,0,0,0,0,818.74
Syrigma sibilatrix,Invertebrados,30,70,0,0,0,0,0,421.50
Pilherodius pileatus,Carnívoro/Carroñero,0,80,20,0,0,0,0,546.76
Egretta thula,Omnívoro,0,70,30,0,0,0,0,371.00
Egretta caerulea,Invertebrados,0,100,0,0,0,0,0,329.12
Eudocimus albus,Carnívoro/Carroñero,0,40,60,0,0,0,0,889.66
Eudocimus ruber,Invertebrados,0,50,50,0,0,0,0,660.08
Mesembrinibis cayennensis,Invertebrados,0,40,60,0,0,0,0,838.00
Phimosus infuscatus,Invertebrados,0,80,20,0,0,0,0,546.00
Theristicus caudatus,Invertebrados,0,0,100,0,0,0,0,1726.00
Platalea ajaja,Omnívoro,0,100,0,0,0,0,0,1490.00
Sarcoramphus papa,Carnívoro/Carroñero,0,0,100,0,0,0,0,3741.67
Coragyps atratus,Carnívoro/Carroñero,0,0,100,0,0,0,0,1572.10
Cathartes aura,Carnívoro/Carroñero,0,0,100,0,0,0,0,1373.12
Cathartes burrovianus,Carnívoro/Carroñero,0,0,100,0,0,0,0,892.40
Cathartes melambrotus,Carnívoro/Carroñero,0,0,100,0,0,0,0,1411.88
Pandion haliaetus,Carnívoro/Carroñero,40,60,0,0,0,0,0,1324.48
Elanus leucurus,Carnívoro/Carroñero,0,0,80,0,0,0,20,305.15
Gampsonyx swainsonii,Carnívoro/Carroñero,0,0,100,0,0,0,0,96.86
Chondrohierax uncinatus,Invertebrados,0,0,0,50,50,0,0,468.04
Leptodon cayanensis,Omnívoro,0,0,0,50,50,0,0,474.00
Elanoides forficatus,Invertebrados,0,0,0,50,50,0,0,416.24
Morphnus guianensis,Carnívoro/Carroñero,0,0,0,0,33,33,33,1969.00
Harpia harpyja,Carnívoro/Carroñero,0,0,10,10,40,40,0,4110.00
Spizaetus tyrannus,Carnívoro/Carroñero,0,0,20,20,30,20,10,823.56
Spizaetus melanoleucus,Carnívoro/Carroñero,0,0,30,10,10,30,20,850.00
Busarellus nigricollis,Carnívoro/Carroñero,0,0,100,0,0,0,0,848.87
Rostrhamus sociabilis,Invertebrados,0,0,100,0,0,0,0,349.56
Helicolestes hamatus,Invertebrados,0,0,100,0,0,0,0,425.46
Ictinia plumbea,Invertebrados,0,0,0,0,0,20,80,268.81
Circus buffoni,Carnívoro/Carroñero,0,0,100,0,0,0,0,443.93
Accipiter superciliosus,Carnívoro/Carroñero,0,0,0,0,33,33,33,101.09
Geranospiza caerulescens,Carnívoro/Carroñero,0,0,20,30,50,0,0,338.90
Buteogallus schistaceus,Carnívoro/Carroñero,0,0,100,0,0,0,0,999.99
Buteogallus meridionalis,Carnívoro/Carroñero,0,0,100,0,0,0,0,765.10
Buteogallus urubitinga,Carnívoro/Carroñero,0,0,40,10,10,40,0,1097.27
Rupornis magnirostris,Carnívoro/Carroñero,0,0,33,33,33,0,0,270.06
Geranoaetus albicaudatus,Carnívoro/Carroñero,0,0,100,0,0,0,0,1011.50
Buteo nitidus,Carnívoro/Carroñero,0,0,0,33,33,33,0,488.42
Buteo albonotatus,Carnívoro/Carroñero,0,0,50,20,30,0,0,622.96
Tyto alba,Carnívoro/Carroñero,0,0,90,10,0,0,0,379.16
Megascops choliba,Invertebrados,0,0,40,50,0,0,10,131.64
Megascops watsonii,Invertebrados,0,0,20,50,30,0,0,134.00
Pulsatrix perspicillata,Carnívoro/Carroñero,0,0,40,20,20,20,0,785.33
Glaucidium brasilianum,Invertebrados,0,0,80,10,10,0,0,74.89
Asio clamator,Carnívoro/Carroñero,0,0,70,10,20,0,0,433.79
Trogon melanurus,Frutas/Néctar,0,0,0,10,30,60,0,109.36
Trogon viridis,Frutas/Néctar,0,0,10,0,30,60,0,87.10
Trogon ramonianus,Frutas/Néctar,0,0,0,70,20,10,0,46.25
Trogon curucui,Invertebrados,0,0,10,30,30,30,0,52.75
Trogon rufus,Invertebrados,0,0,10,60,30,0,0,53.90
Trogon collaris,Invertebrados,0,0,0,30,70,0,0,64.77
Momotus momota,Omnívoro,0,0,30,30,30,10,0,113.21
Megaceryle torquata,Carnívoro/Carroñero,90,0,10,0,0,0,0,308.52
Chloroceryle amazona,Omnívoro,100,0,0,0,0,0,0,119.75
Chloroceryle aenea,Carnívoro/Carroñero,90,10,0,0,0,0,0,13.32
Chloroceryle americana,Carnívoro/Carroñero,70,10,10,10,0,0,0,31.94
Chloroceryle inda,Carnívoro/Carroñero,90,10,0,0,0,0,0,52.09
Galbalcyrhynchus leucotis,Invertebrados,0,0,0,0,60,40,0,46.90
Brachygalba lugubris,Invertebrados,0,0,0,20,20,60,0,15.08
Galbula tombacea,Invertebrados,0,0,0,60,40,0,0,24.09
Galbula leucogastra,Invertebrados,0,0,0,20,80,0,0,16.25
Jacamerops aureus,Invertebrados,0,0,0,0,100,0,0,62.95
Notharchus hyperrhynchus,Invertebrados,0,0,33,33,33,0,0,100.85
Notharchus tectus,Invertebrados,0,0,0,20,20,60,0,25.81
Bucco macrodactylus,Invertebrados,0,0,33,33,33,0,0,25.00
Bucco capensis,Carnívoro/Carroñero,0,0,50,50,0,0,0,51.33
Malacoptila fusca,Invertebrados,0,0,50,50,0,0,0,43.13
Nonnula brunnea,Invertebrados,0,0,50,50,0,0,0,15.25
Monasa nigrifrons,Invertebrados,0,0,40,40,20,0,0,80.08
Monasa morphoeus,Invertebrados,0,0,33,33,33,0,0,86.86
Monasa flavirostris,Invertebrados,0,0,0,0,30,30,40,58.90
Chelidoptera tenebrosa,Invertebrados,0,0,0,0,30,30,40,34.82
Capito aurovirens,Frutas/Néctar,0,0,0,50,50,0,0,52.72
Capito auratus,Frutas/Néctar,0,0,0,20,80,0,0,56.40
Ramphastos tucanus,Frutas/Néctar,0,0,0,0,20,80,0,685.68
Ramphastos vitellinus,Frutas/Néctar,0,0,10,10,50,30,0,369.10
Pteroglossus inscriptus,Frutas/Néctar,0,0,0,0,30,70,0,110.41
Pteroglossus castanotis,Frutas/Néctar,0,0,0,20,60,20,0,258.09
Pteroglossus pluricinctus,Frutas/Néctar,0,0,0,0,20,80,0,250.60
Pteroglossus azara,Frutas/Néctar,0,0,0,0,40,60,0,143.67
Picumnus pumilus,Invertebrados,0,0,0,33,33,33,0,9.04
Picumnus squamulatus,Invertebrados,0,0,0,50,50,0,0,10.27
Melanerpes cruentatus,Omnívoro,0,0,0,0,20,80,0,57.53
Veniliornis passerinus,Invertebrados,0,0,0,33,33,33,0,29.23
Veniliornis affinis,Invertebrados,0,0,0,0,60,40,0,34.07
Campephilus rubricollis,Invertebrados,0,0,0,20,60,20,0,218.36
Campephilus melanoleucos,Invertebrados,0,0,0,0,100,0,0,243.15
Dryocopus lineatus,Invertebrados,0,0,20,20,60,0,0,186.20
Celeus torquatus,Omnívoro,0,0,0,20,60,20,0,134.00
Celeus grammicus,Omnívoro,0,0,0,0,80,20,0,69.97
Celeus flavus,Invertebrados,0,0,0,20,60,20,0,127.42
Celeus elegans,Invertebrados,0,0,0,50,50,0,0,135.05
Piculus flavigula,Invertebrados,0,0,0,0,40,60,0,59.30
Colaptes punctigula,Invertebrados,0,0,0,50,50,0,0,60.31
Herpetotheres cachinnans,Carnívoro/Carroñero,0,0,33,33,33,0,0,598.51
Caracara cheriway,Carnívoro/Carroñero,0,0,100,0,0,0,0,1075.48
Daptrius ater,Carnívoro/Carroñero,0,0,20,20,40,20,0,371.09
Milvago chimachima,Carnívoro/Carroñero,0,0,100,0,0,0,0,306.26
Falco sparverius,Invertebrados,0,0,50,40,10,0,0,102.98
Falco rufigularis,Carnívoro/Carroñero,0,0,10,30,30,0,30,145.05
Falco deiroleucus,Carnívoro/Carroñero,0,0,0,0,33,33,33,459.56
Falco femoralis,Omnívoro,0,0,30,30,20,10,10,274.36
Touit huetii,Frutas/Néctar,0,0,20,30,30,20,0,62.88
Brotogeris cyanoptera,Frutas/Néctar,0,0,0,0,60,40,0,60.79
Pyrilia barrabandi,Omnívoro,0,0,0,30,50,20,0,166.50
Pionus menstruus,Plantas/Semillas,0,0,0,30,50,20,0,235.17
Amazona ochrocephala,Plantas/Semillas,0,0,33,33,33,0,0,406.54
Amazona farinosa,Omnívoro,0,0,0,0,60,40,0,645.18
Amazona amazonica,Frutas/Néctar,0,0,0,33,33,33,0,403.83
Pionites melanocephalus,Frutas/Néctar,0,0,0,40,40,20,0,143.55
Pyrrhura melanura,Frutas/Néctar,0,0,0,30,50,20,0,72.44
Eupsittula pertinax,Plantas/Semillas,0,0,0,50,50,0,0,80.55
Orthopsittaca manilatus,Frutas/Néctar,0,0,0,0,40,60,0,372.00
Ara ararauna,Plantas/Semillas,0,0,0,0,60,40,0,1055.00
Ara macao,Plantas/Semillas,0,0,0,0,60,40,0,1121.70
Ara chloropterus,Plantas/Semillas,0,0,0,0,60,40,0,1180.25
Ara severus,Plantas/Semillas,0,0,0,0,60,40,0,339.79
Psittacara leucophthalmus,Plantas/Semillas,0,0,20,20,40,20,0,163.50
Cymbilaimus lineatus,Invertebrados,0,0,0,0,100,0,0,36.75
Taraba major,Invertebrados,0,0,40,40,20,0,0,61.34
Sakesphorus canadensis,Invertebrados,0,0,30,30,40,0,0,24.89
Thamnophilus doliatus,Invertebrados,0,0,30,30,40,0,0,27.40
Thamnophilus murinus,Invertebrados,0,0,0,10,90,0,0,17.58
Thamnophilus nigrocinereus,Invertebrados,0,0,30,40,30,0,0,28.30
Thamnophilus punctatus,Invertebrados,0,0,0,20,80,0,0,19.42
Thamnophilus aethiops,Invertebrados,0,0,20,40,40,0,0,24.60
Thamnophilus amazonicus,Invertebrados,0,0,0,10,90,0,0,17.78
Neoctantes niger,Invertebrados,0,0,0,30,70,0,0,30.50
Thamnomanes ardesiacus,Invertebrados,0,0,0,30,70,0,0,17.93
Isleria hauxwelli,Invertebrados,0,0,40,40,20,0,0,10.68
Myrmotherula brachyura,Invertebrados,0,0,0,0,100,0,0,6.40
Myrmotherula ignota,Invertebrados,0,0,0,0,70,30,0,6.95
Myrmotherula multostriata,Invertebrados,0,0,0,20,80,0,0,8.00
Myrmotherula cherriei,Invertebrados,0,0,0,50,50,0,0,8.11
Myrmotherula axillaris,Invertebrados,0,0,0,20,80,0,0,8.23
Myrmotherula menetriesii,Invertebrados,0,0,0,0,100,0,0,8.10
Hypocnemis flavescens,Invertebrados,0,0,30,40,30,0,0,12.15
Cercomacroides tyrannina,Invertebrados,0,0,40,40,20,0,0,16.36
Cercomacra cinerascens,Invertebrados,0,0,0,0,100,0,0,14.30
Myrmoborus myotherinus,Invertebrados,0,0,50,50,0,0,0,18.72
Hypocnemoides melanopogon,Invertebrados,0,0,50,50,0,0,0,12.99
Sclateria naevia,Invertebrados,0,0,60,40,0,0,0,22.69
Akletos melanoceps,Invertebrados,0,0,40,40,20,0,0,38.50
Myrmophylax atrothorax,Invertebrados,0,0,60,40,0,0,0,16.10
Gymnopithys leucaspis,Invertebrados,0,0,60,40,0,0,0,29.30
Hylophylax naevius,Invertebrados,0,0,0,80,20,0,0,12.94
Hylophylax punctulatus,Invertebrados,0,0,40,40,20,0,0,12.03
Willisornis poecilinotus,Invertebrados,0,0,60,40,0,0,0,17.79
Phlegopsis nigromaculata,Invertebrados,0,0,60,40,0,0,0,46.44
Myrmothera campanisona,Invertebrados,0,0,100,0,0,0,0,43.33
Dendrocincla merula,Invertebrados,0,0,40,40,20,0,0,47.43
Dendrocincla fuliginosa,Invertebrados,0,0,33,33,33,0,0,38.77
Glyphorynchus spirurus,Invertebrados,0,0,0,0,40,60,0,14.17
Dendrexetastes rufigula,Invertebrados,0,0,0,0,50,50,0,69.60
Nasica longirostris,Invertebrados,0,0,0,0,50,50,0,88.05
Dendrocolaptes certhia,Invertebrados,0,0,0,10,90,0,0,71.35
Dendrocolaptes picumnus,Invertebrados,0,0,40,40,20,0,0,70.25
Xiphocolaptes promeropirhynchus,Invertebrados,0,0,0,40,60,0,0,107.37
Xiphorhynchus obsoletus,Invertebrados,0,0,0,40,60,0,0,30.78
Xiphorhynchus ocellatus,Invertebrados,0,0,0,20,80,0,0,37.85
Xiphorhynchus elegans,Invertebrados,0,0,0,30,60,10,0,39.75
Xiphorhynchus guttatus,Invertebrados,0,0,0,10,90,0,0,53.74
Dendroplex picus,Invertebrados,0,0,0,20,80,0,0,39.88
Xenops tenuirostris,Invertebrados,0,0,0,0,40,60,0,9.70
Philydor erythrocercum,Invertebrados,0,0,0,0,50,50,0,25.27
Ancistrops strigilatus,Invertebrados,0,0,50,50,0,0,0,35.90
Automolus ochrolaemus,Invertebrados,0,0,10,70,20,0,0,38.43
Synallaxis gujanensis,Invertebrados,0,0,50,50,0,0,0,18.10
Synallaxis albescens,Invertebrados,0,0,30,70,0,0,0,12.71
Xenopipo atronitens,Frutas/Néctar,0,0,0,50,50,0,0,14.83
Lepidothrix coronata,Frutas/Néctar,0,0,0,50,50,0,0,8.71
Manacus manacus,Frutas/Néctar,0,0,0,80,20,0,0,16.50
Pipra filicauda,Frutas/Néctar,0,0,0,50,50,0,0,14.78
Machaeropterus striolatus,Frutas/Néctar,0,0,0,50,50,0,0,9.62
Ceratopipra erythrocephala,Frutas/Néctar,0,0,0,50,50,0,0,13.04
Rupicola rupicola,Frutas/Néctar,0,0,30,30,40,0,0,191.53
Querula purpurata,Omnívoro,0,0,0,50,50,0,0,109.41
Cephalopterus ornatus,Omnívoro,0,0,0,50,50,0,0,602.50
Cotinga cayana,Frutas/Néctar,0,0,0,30,50,20,0,66.90
Lipaugus vociferans,Omnívoro,0,0,0,50,50,0,0,77.92
Gymnoderus foetidus,Frutas/Néctar,0,0,0,50,50,0,0,275.49
Tityra inquisitor,Frutas/Néctar,0,0,0,0,100,0,0,41.55
Tityra cayana,Frutas/Néctar,0,0,0,50,50,0,0,67.80
Schiffornis major,Omnívoro,0,0,0,100,0,0,0,31.00
Laniocera hypopyrra,Invertebrados,0,0,0,50,50,0,0,48.00
Iodopleura isabellae,Invertebrados,0,0,0,0,80,20,0,19.50
Pachyramphus cinnamomeus,Invertebrados,0,0,0,0,100,0,0,20.23
Pachyramphus castaneus,Invertebrados,0,0,0,0,100,0,0,19.50
Pachyramphus polychopterus,Omnívoro,0,0,0,0,100,0,0,19.86
Pachyramphus marginatus,Omnívoro,0,0,0,0,100,0,0,18.40
Pachyramphus minor,Omnívoro,0,0,0,50,50,0,0,36.60
Onychorhynchus coronatus,Invertebrados,0,0,0,30,70,0,0,16.22
Piprites chloris,Invertebrados,0,0,0,0,20,80,0,17.50
Corythopis torquatus,Invertebrados,0,0,80,20,0,0,0,13.93
Mionectes oleagineus,Frutas/Néctar,0,0,0,50,50,0,0,10.68
Leptopogon amaurocephalus,Invertebrados,0,0,0,50,50,0,0,11.64
Tolmomyias sulphurescens,Invertebrados,0,0,0,30,70,0,0,15.11
Tolmomyias traylori,Invertebrados,0,0,0,50,50,0,0,12.50
Tolmomyias assimilis,Invertebrados,0,0,0,10,90,0,0,15.43
Tolmomyias poliocephalus,Invertebrados,0,0,0,0,50,50,0,10.70
Tolmomyias flaviventris,Invertebrados,0,0,0,0,20,80,0,12.10
Myiornis ecaudatus,Invertebrados,0,0,0,0,0,100,0,5.25
Hemitriccus zosterops,Invertebrados,0,0,0,40,60,0,0,8.72
Hemitriccus striaticollis,Invertebrados,0,0,0,0,100,0,0,8.95
Poecilotriccus latirostris,Invertebrados,0,0,0,100,0,0,0,6.55
Poecilotriccus sylvia,Invertebrados,0,0,0,33,33,33,0,7.45
Todirostrum cinereum,Invertebrados,0,0,0,33,33,33,0,6.67
Todirostrum chrysocrotaphum,Invertebrados,0,0,0,0,20,80,0,7.00
Hirundinea ferruginea,Invertebrados,0,0,0,33,33,33,0,30.30
Zimmerius gracilipes,Invertebrados,0,0,0,0,0,100,0,7.82
Camptostoma obsoletum,Invertebrados,0,0,0,0,80,20,0,8.09
Elaenia flavogaster,Omnívoro,0,0,0,20,40,30,10,23.94
Elaenia spectabilis,Omnívoro,0,0,0,0,0,100,0,27.30
Elaenia parvirostris,Invertebrados,0,0,0,33,33,33,0,14.73
Elaenia chiriquensis,Omnívoro,0,0,0,40,60,0,0,15.64
Tyrannulus elatus,Invertebrados,0,0,0,0,0,100,0,7.30
Myiopagis gaimardii,Invertebrados,0,0,0,0,0,100,0,12.13
Myiopagis flavivertex,Invertebrados,0,0,0,20,30,50,0,11.84
Phaeomyias murina,Invertebrados,0,0,0,33,33,33,0,10.58
Attila cinnamomeus,Omnívoro,0,0,0,20,60,20,0,38.80
Attila spadiceus,Omnívoro,0,0,10,10,40,40,0,37.28
Legatus leucophaius,Frutas/Néctar,0,0,0,0,20,80,0,21.77
Ramphotrigon ruficauda,Invertebrados,0,0,0,50,50,0,0,17.87
Pitangus sulphuratus,Omnívoro,0,0,50,40,10,0,0,59.92
Pitangus lictor,Invertebrados,0,0,10,70,20,0,0,24.49
Machetornis rixosa,Invertebrados,0,0,100,0,0,0,0,33.50
Tyrannopsis sulphurea,Invertebrados,0,0,0,33,33,33,0,55.35
Megarynchus pitangua,Invertebrados,0,0,0,10,50,40,0,64.29
Myiodynastes maculatus,Omnívoro,0,0,0,0,100,0,0,43.48
Myiozetetes cayanensis,Invertebrados,0,0,50,30,20,0,0,25.73
Myiozetetes similis,Omnívoro,0,0,20,20,40,20,0,26.32
Myiozetetes granadensis,Invertebrados,0,0,0,50,50,0,0,26.95
Conopias parvus,Invertebrados,0,0,0,0,30,70,0,20.00
Empidonomus varius,Invertebrados,0,0,0,30,70,0,0,27.10
Tyrannus melancholicus,Invertebrados,0,0,0,0,50,50,0,38.58
Tyrannus savana,Invertebrados,0,0,50,50,0,0,0,30.77
Tyrannus tyrannus,Invertebrados,0,0,0,80,20,0,0,38.06
Rhytipterna simplex,Invertebrados,0,0,0,50,50,0,0,31.82
Sirystes albocinereus,Invertebrados,0,0,0,0,0,100,0,32.30
Myiarchus tuberculifer,Invertebrados,0,0,0,33,33,33,0,18.24
Myiarchus swainsoni,Invertebrados,0,0,0,100,0,0,0,22.80
Myiarchus ferox,Omnívoro,0,0,0,80,20,0,0,26.06
Myiarchus tyrannulus,Invertebrados,0,0,20,80,0,0,0,32.05
Sublegatus arenarum,Invertebrados,0,0,0,50,50,0,0,12.48
Sublegatus obscurior,Invertebrados,0,0,0,50,50,0,0,18.00
Sublegatus modestus,Invertebrados,0,0,0,50,50,0,0,14.00
Fluvicola pica,Invertebrados,0,0,100,0,0,0,0,12.23
Arundinicola leucocephala,Invertebrados,0,0,50,50,0,0,0,13.70
Knipolegus poecilocercus,Invertebrados,0,0,100,0,0,0,0,13.75
Ochthornis littoralis,Invertebrados,0,0,50,50,0,0,0,16.03
Cnemotriccus fuscatus,Invertebrados,0,0,40,40,20,0,0,13.09
Lathrotriccus euleri,Invertebrados,0,0,0,100,0,0,0,11.54
Empidonax alnorum,Invertebrados,0,0,0,0,100,0,0,12.35
Contopus cooperi,Invertebrados,0,0,0,50,50,0,0,32.08
Contopus virens,Invertebrados,0,0,33,33,33,0,0,13.77
Cyclarhis gujanensis,Invertebrados,0,0,0,40,40,20,0,27.61
Hylophilus flavipes,Invertebrados,0,0,0,20,60,20,0,11.54
Vireo olivaceus,Invertebrados,0,0,0,0,20,80,0,16.45
Vireo flavoviridis,Invertebrados,0,0,0,0,30,70,0,17.27
Cyanocorax violaceus,Omnívoro,0,0,0,0,60,40,0,247.50
Pygochelidon cyanoleuca,Invertebrados,0,0,0,0,100,0,0,10.52
Atticora fasciata,Invertebrados,0,0,0,30,20,20,30,16.42
Atticora tibialis,Invertebrados,0,0,0,60,40,0,0,17.93
Stelgidopteryx ruficollis,Invertebrados,0,0,0,40,60,0,0,15.13
Progne tapera,Invertebrados,0,0,0,30,20,20,30,33.80
Progne chalybea,Invertebrados,0,0,20,20,20,20,20,38.77
Tachycineta albiventer,Invertebrados,0,0,0,80,20,0,0,17.72
Hirundo rustica,Invertebrados,0,0,30,30,40,0,0,16.37
Microcerculus marginatus,Invertebrados,0,0,50,50,0,0,0,18.16
Troglodytes aedon,Invertebrados,0,0,0,100,0,0,0,12.20
Campylorhynchus griseus,Invertebrados,0,0,20,0,40,40,0,41.81
Campylorhynchus turdinus,Invertebrados,0,0,0,0,50,50,0,31.30
Pheugopedius coraya,Invertebrados,0,0,40,40,20,0,0,16.88
Cantorchilus leucotis,Invertebrados,0,0,0,80,20,0,0,18.74
Ramphocaenus melanurus,Invertebrados,0,0,0,0,100,0,0,9.77
Donacobius atricapilla,Invertebrados,0,0,0,50,50,0,0,38.27
Catharus ustulatus,Invertebrados,0,0,50,50,0,0,0,29.30
Turdus leucomelas,Invertebrados,0,0,60,20,20,0,0,69.06
Turdus fumigatus,Omnívoro,0,0,50,50,0,0,0,58.60
Turdus nudigenis,Omnívoro,0,0,20,0,40,40,0,60.58
Turdus lawrencii,Omnívoro,0,0,20,30,30,20,0,70.13
Turdus ignobilis,Omnívoro,0,0,20,30,30,20,0,64.51
Turdus albicollis,Invertebrados,0,0,80,0,20,0,0,49.46
Mimus gilvus,Invertebrados,0,0,50,50,0,0,0,58.74
Euphonia chlorotica,Frutas/Néctar,0,0,0,0,10,90,0,11.00
Euphonia laniirostris,Frutas/Néctar,0,0,0,0,70,30,0,14.71
Euphonia chrysopasta,Omnívoro,0,0,0,0,30,70,0,14.00
Euphonia minuta,Invertebrados,0,0,0,0,30,70,0,8.85
Euphonia xanthogaster,Frutas/Néctar,0,0,0,20,60,20,0,13.02
Ammodramus humeralis,Plantas/Semillas,0,0,60,30,10,0,0,15.75
Ammodramus aurifrons,Plantas/Semillas,0,0,80,20,0,0,0,16.40
Arremonops conirostris,Omnívoro,0,0,70,20,10,0,0,34.68
Zonotrichia capensis,Plantas/Semillas,0,0,100,0,0,0,0,20.93
Sturnella magna,Invertebrados,0,0,100,0,0,0,0,88.53
Leistes militaris,Omnívoro,0,0,90,10,0,0,0,45.86
Psarocolius angustifrons,Omnívoro,0,0,0,0,30,70,0,358.25
Psarocolius decumanus,Frutas/Néctar,0,0,10,0,50,40,0,212.06
Psarocolius bifasciatus,Omnívoro,0,0,0,0,50,50,0,324.85
Cacicus solitarius,Invertebrados,0,0,0,40,60,0,0,79.76
Cacicus cela,Frutas/Néctar,0,0,0,0,20,80,0,83.45
Cacicus haemorrhous,Invertebrados,0,0,0,20,60,20,0,94.86
Icterus cayanensis,Invertebrados,0,0,0,20,40,40,0,37.80
Icterus nigrogularis,Frutas/Néctar,0,0,0,0,0,100,0,39.61
Molothrus oryzivorus,Frutas/Néctar,0,0,40,10,10,40,0,181.85
Molothrus bonariensis,Invertebrados,0,0,100,0,0,0,0,48.53
Quiscalus lugubris,Invertebrados,0,0,100,0,0,0,0,58.61
Lampropsar tanagrinus,Omnívoro,0,0,30,40,30,0,0,117.25
Gymnomystax mexicanus,Frutas/Néctar,0,0,60,20,20,0,0,98.00
Parkesia noveboracensis,Invertebrados,0,0,80,20,0,0,0,15.75
Setophaga ruticilla,Invertebrados,0,0,0,0,80,20,0,7.92
Setophaga fusca,Invertebrados,0,0,0,0,20,60,20,9.52
Setophaga petechia,Invertebrados,0,0,0,20,80,0,0,9.69
Setophaga striata,Invertebrados,0,0,0,0,100,0,0,11.28
Piranga rubra,Invertebrados,0,0,0,20,30,30,20,29.73
Piranga olivacea,Invertebrados,0,0,10,10,40,40,0,28.21
Chlorophanes spiza,Frutas/Néctar,0,0,0,10,30,60,0,18.79
Hemithraupis flavicollis,Invertebrados,0,0,0,0,20,80,0,12.58
Sicalis columbiana,Plantas/Semillas,0,0,20,60,20,0,0,12.96
Sicalis flaveola,Plantas/Semillas,0,0,40,60,0,0,0,18.22
Volatinia jacarina,Omnívoro,0,0,100,0,0,0,0,9.60
Loriotus cristatus,Omnívoro,0,0,0,10,20,70,0,17.65
Tachyphonus surinamus,Omnívoro,0,0,0,40,40,20,0,18.73
Tachyphonus rufus,Invertebrados,0,0,20,50,10,10,10,34.71
Tachyphonus phoenicius,Invertebrados,0,0,0,70,30,0,0,19.44
Eucometis penicillata,Invertebrados,0,0,0,90,10,0,0,28.52
Ramphocelus nigrogularis,Omnívoro,0,0,0,0,80,20,0,28.00
Ramphocelus carbo,Omnívoro,0,0,0,50,40,10,0,24.82
Cyanerpes nitidus,Omnívoro,0,0,0,0,10,90,0,9.62
Cyanerpes caeruleus,Frutas/Néctar,0,0,10,10,20,60,0,11.37
Cyanerpes cyaneus,Frutas/Néctar,0,0,0,20,40,40,0,13.92
Tersina viridis,Frutas/Néctar,0,0,0,10,60,30,0,27.31
Dacnis flaviventer,Frutas/Néctar,0,0,0,0,50,50,0,13.00
Dacnis cayana,Omnívoro,0,0,0,0,30,60,10,13.56
Sporophila bouvronides,Plantas/Semillas,0,0,30,70,0,0,0,9.48
Sporophila lineola,Plantas/Semillas,0,0,30,70,0,0,0,9.34
Sporophila castaneiventris,Plantas/Semillas,0,0,50,50,0,0,0,7.80
Sporophila minuta,Plantas/Semillas,0,0,50,50,0,0,0,8.01
Sporophila angolensis,Plantas/Semillas,0,0,60,40,0,0,0,12.60
Sporophila crassirostris,Plantas/Semillas,0,0,70,30,0,0,0,19.82
Sporophila intermedia,Plantas/Semillas,0,0,100,0,0,0,0,11.61
Sporophila murallae,Plantas/Semillas,0,0,40,60,0,0,0,10.77
Sporophila nigricollis,Plantas/Semillas,0,0,30,70,0,0,0,9.71
Saltator maximus,Invertebrados,0,0,20,40,20,20,0,45.06
Saltator coerulescens,Invertebrados,0,0,0,70,30,0,0,52.89
Emberizoides herbicola,Omnívoro,0,0,70,30,0,0,0,25.76
Coereba flaveola,Frutas/Néctar,0,0,0,80,20,0,0,9.52
Paroaria gularis,Invertebrados,0,0,30,60,10,0,0,22.23
Schistochlamys melanopis,Omnívoro,0,0,0,20,70,10,0,31.96
Cissopis leverianus,Frutas/Néctar,0,0,20,30,30,20,0,88.33
Stilpnia cayana,Frutas/Néctar,0,0,0,30,40,30,0,18.31
Stilpnia nigrocincta,Frutas/Néctar,0,0,0,0,20,80,0,14.85
Tangara mexicana,Omnívoro,0,0,0,30,30,40,0,19.60
Tangara chilensis,Frutas/Néctar,0,0,0,0,20,80,0,18.76
Tangara velia,Frutas/Néctar,0,0,0,10,20,70,0,21.00
Tangara callophrys,Frutas/Néctar,0,0,0,0,30,70,0,26.45
Thraupis episcopus,Omnívoro,0,0,0,10,90,0,0,33.76
Thraupis palmarum,Frutas/Néctar,0,0,0,0,20,70,10,37.55
Ixothraupis xanthogastra,Omnívoro,0,0,0,0,40,60,0,15.00